sample,cellid,patient,celltype,cluster,timepoint,clinical_response
P1.pre,P1.ut.AAACCTGAGGCACATG-1,P1,,,pre,Responder
P1.post.1,P1.tr.1.AAACCTGCACATGACT-1,P1,CD4,CD4_C8-Treg,post,Responder
P1.post.3,P1.tr.3.AAACCTGAGTCGTACT-1,P1,CD8,Non-exhausted,post,Responder
P1.post.2,P1.tr.2.AAACCTGAGGATATAC-1,P1,CD4,CD4_C4-CD69,post,Responder
P2.pre,P2.ut.AAACCTGAGAAGGCCT-1,P2,CD8,Non-exhausted,pre,
P3.pre,P3.ut.AAACCTGAGATTACCC-1,P3,CD4,CD4_C6-RPL,pre,
P4.pre,P4.ut.AAACCTGCATCGGTTA-1,P4,CD8,Non-exhausted,pre,
P5.pre,P5.ut.AAACGGGTCGTTACGA-1,P5,CD8,Tex,pre,
P6.pre,P6.ut.AAACCTGAGAGTTGGC-1,P6,CD8,Non-exhausted,pre,
P7.pre,P7.ut.AACACGTAGCGCTTAT-1,P7,CD4,CD4_C7-Th1-like,pre,
P8.pre,P8.ut.AAACCTGAGTTCGCAT-1,P8,,,pre,
P9.pre,P9.ut.AAACCTGAGACAGGCT-1,P9,CD4,CD4_C8-Treg,pre,
P10.pre,P10.ut.AAACCTGAGAGTGAGA-1,P10,CD4,CD4_C2-Tcm,pre,Responder
P10.post.1,P10.tr.1.AAACCTGAGCCTATGT-1,P10,CD4,CD4_C6-RPL,post,Responder
P11.pre,P11.ut.AAACCTGAGCAGATCG-1,P11,CD8,Tex,pre,
P12.pre,P12.ut.AAACCTGAGAATTGTG-1,P12,CD4,CD4_C1-Naive,pre,
P13.pre,P13.ut.AAACCTGCATTGGGCC-1,P13,CD4,CD4_C8-Treg,pre,Responder
P13.post.1,P13.tr.1.AAACCTGCAATCCAAC-1,P13,CD4,CD4_C8-Treg,post,Responder
P13.post.2,P13.tr.2.AAACCTGAGGCCGAAT-1,P13,CD8,Non-exhausted,post,Responder
P14.pre,P14.ut.AAACCTGAGCTAACAA-1,P14,,,pre,
P15.pre,P15.ut.AAACCTGAGCGAAGGG-1,P15,CD8,Non-exhausted,pre,
P16.pre,P16.ut.AAACCTGAGAGATGAG-1,P16,CD4,CD4_C4-CD69,pre,
P17.pre,P17.ut.AAACCTGCAATCACAC-1,P17,,,pre,
P18.pre,P18.ut.AAACCTGAGCCTCGTG-1,P18,CD4,CD4_C4-CD69,pre,
P19.pre,P19.ut.AAACCTGAGAGGACGG-1,P19,CD4,CD4_C7-Th1-like,pre,Responder
P19.post.1,P19.tr.1.AAACCTGAGGCTCTTA-1,P19,CD4,CD4_C3-Tem,post,Responder
P20.pre,P20.ut.AAACCTGAGACCTAGG-1,P20,CD4,CD4_C1-Naive,pre,
P21.pre,P21.ut.AAACCTGAGCTAAACA-1,P21,,,pre,
P22.pre,P22.ut.AAACCTGAGAAGCCCA-1,P22,CD8,Tex,pre,
P23.pre,P23.ut.AAACCTGGTCGAAAGC-1,P23,CD8,Non-exhausted,pre,
P24.pre,P24.ut.AAACCTGAGACCACGA-1,P24,,,pre,
P25.pre,P25.ut.AAACCTGAGAAGATTC-1,P25,CD4,CD4_C5-ISG15,pre,
P26.pre,P26.ut.AAACCTGCAGCTCGAC-1,P26,,,pre,
P27.pre,P27.ut.AAACCTGAGCGATCCC-1,P27,CD8,Non-exhausted,pre,
P28.pre,P28.ut.AAACCTGAGCACGCCT-1,P28,CD4,CD4_C8-Treg,pre,
P29.pre,P29.ut.AAACCTGAGGCAGTCA-1,P29,,,pre,Responder
P29.post.1,P29.tr.1.AAACCTGAGATCACGG-1,P29,,,post,Responder
P30.pre,P30.ut.AAACCTGAGATACACA-1,P30,,,pre,Responder
P30.post.1,P30.tr.1.AAACCTGAGATCCGAG-1,P30,CD4,CD4_C8-Treg,post,Responder
P33.pre,P33.ut.AAACCTGTCACAACGT-1,P33,,,pre,Responder
P33.post.1,P33.tr.1.AAACCTGAGAACTGTA-1,P33,CD8,Non-exhausted,post,Responder
P34.pre,P34.ut.AAACCTGAGCTAGTCT-1,P34,CD4,CD4_C1-Naive,pre,
P35.pre,P35.ut.AAACCTGAGAATCTCC-1,P35,CD4,CD4_C8-Treg,pre,Responder
P35.post.1,P35.tr.1.AAACCTGAGACTAAGT-1,P35,,,post,Responder
P36.post.1,P36.tr.1.AAACCTGGTAAATGTG-1,P36,CD8,Non-exhausted,post,Non-responder
P37.post.1,P37.tr.1.AAACGGGGTATAGTAG-1,P37,CD4,CD4_C1-Naive,post,Non-responder
P38.post.1,P38.tr.1.AAACCTGAGTCAAGCG-1,P38,,,post,Non-responder
